Word 1,Word 2,Word 3,Word 4,Category
Earthworm,Eel,Salamander,Slug,SLIMY ANIMALS
Aurora,Firefly,Glowstick,Radium,THINGS THAT LUMINESCENCE
Canal,Clog,Tulip,Windmill,DUTCH SYMBOLS
Gatecrash,Raindrop,Skydive,Waterfall,ENDING WITH SYNONYMS FOR 'PLUNGE'
Clips,Eraser,Pens,Tapes,THINGS FOUND IN A DESK DRAWER
Breast,Drumstick,Thigh,Wing,PARTS OF A CHICKEN
Card,Five,Note,Tea,WORDS THAT CAN FOLLOW 'HIGH'
Bee,Crow,Dove,Elf,STARTS WITH A LETTER THAT LOOKS LIKE PART OF THE NEXT LETTER
Bass,Flute,Oboe,Trumpet,ORCHESTRA INSTRUMENTS
Cheer,Delight,Elation,Joy,SYNONYMS FOR HAPPINESS
Clover,Diamond,Heart,Spade,SUIT SYMBOLS
Cream,Egg,Milk,Sugar,BAKERY INGREDIENTS
Bean,Corn,Pea,Wheat,TYPES OF GRAINS/SEEDS
Brisk,Crisp,Sharp,Snappy,SYNONYMS FOR LIVELY
Flip,Jump,Leap,Vault,VERBS FOR SUDDEN UPWARD MOVEMENT
Glove,Hat,Scarf,Shoes,WINTER ACCESSORIES
Blanket,Curtain,Pillow,Sheet,BEDDING ITEMS
Brass,Nickel,Silver,Steel,TYPES OF METAL
Catch,Grab,Seize,Snatch,VERBS FOR GRABBING QUICKLY
Comet,Meteor,Planet,Star,THINGS FOUND IN SPACE
Belt,Bracelet,Necklace,Ring,JEWELRY ITEMS
Chalk,Crayon,Marker,Paint,ART SUPPLIES
Couch,Desk,Lamp,Table,PIECES OF FURNITURE
Frown,Grin,Scowl,Smile,FACIAL EXPRESSIONS
Button,Cuff,Hem,Seam,PARTS OF A SHIRT
Cheese,Cracker,Grapes,Wine,GO WELL WITH WINE
Draft,Leak,Vent,Wind,THINGS THAT CAN ESCAPE
Irony,Sarcasm,Satire,Wit,FORMS OF WORDPLAY
Ankle,Elbow,Knee,Wrist,BODY JOINTS
Cabin,Hut,Shack,Tent,SMALL SHELTERS
Drum,Guitar,Piano,Violin,MUSICAL INSTRUMENTS
Fog,Haze,Mist,Smog,TYPES OF THICK AIR
Bowl,Cup,Plate,Saucer,TABLEWARE
Chip,Dip,Salsa,Tortilla,THINGS YOU EAT WITH TORTILLA CHIPS
Clock,Dial,Hand,Number,PARTS OF A CLOCK
Float,Glide,Soar,Drift,VERBS FOR MOVING SMOOTHLY THROUGH AIR OR WATER
Bread,Butter,Jam,Toast,BREAKFAST STAPLES
Chain,Link,Ring,Shackle,THINGS MADE OF CONNECTED PIECES
Earth,Fire,Water,Wind,THE CLASSIC FOUR ELEMENTS
Hose,Nozzle,Sprinkler,Valve,GARDENING TOOLS/SUPPLIES
Bass,Tiger,Zebra,Zucchini,THINGS WITH STRIPES
Cage,Habitat,Zoo,Wild,PLACES TO SEE WILD ANIMALS
Burst,Erupt,Spew,Surge,WORDS RELATED TO SUDDEN MOVEMENT
Bear,Fare,Pair,Stare,RHYMES WITH 'HAIR'
Chalkboard,Desk,Globe,Map,THINGS FOUND IN A CLASSROOM
Ballet,Jazz,Salsa,Tap,TYPES OF DANCES
Charm,Spell,Trick,Wand,WORDS ASSOCIATED WITH MAGIC
Knife,Needle,Razor,Thorn,THINGS THAT ARE SHARP
Ball,Coin,Orbit,Wheel,THINGS THAT ARE ROUND
Author,Novel,Plot,Verse,WORDS RELATED TO WRITING
Carrot,Lettuce,Radish,Tomato,THINGS YOU MIGHT FIND IN A SALAD
Add,Bee,Hill,Jazz,END IN DOUBLE LETTERS
Blue,Green,Orange,Violet,COLORS IN A RAINBOW
Computer,Lamp,Phone,Toaster,THINGS YOU PLUG IN
Climax,Denouement,Epilogue,Finale,WORDS RELATED TO A STORY'S ENDING
Box,Fox,Lynx,Taxi,CONTAIN THE LETTER 'X'
Boots,Sneakers,Socks,Sandals,THINGS YOU WEAR ON YOUR FEET
Foot,Gallon,Pound,Yard,WORDS RELATED TO MEASUREMENT
Cloud,Moon,Rain,Sun,THINGS FOUND IN THE SKY
Ash,Fir,Oak,Pine,START WITH A TYPE OF TREE
Coffee,Grapefruit,Hops,Rhubarb,THINGS THAT CAN BE BITTER
Board,Dice,Piece,Token,WORDS RELATED TO A GAME
Dish,Faucet,Sponge,Strainer,THINGS YOU FIND IN A KITCHEN SINK
Aloe,Blue,Echo,Idea,END IN A VOWEL
Bottle,Jar,Pail,Tub,TYPES OF CONTAINERS
Echo,Noise,Rhythm,Tune,WORDS RELATED TO SOUND
Clown,Lion,Tent,Trapeze,THINGS YOU SEE AT A CIRCUS
Do,Fa,La,Ti,START WITH A MUSICAL NOTE
Beet,Daisy,Mint,Peony,THINGS THAT GROW IN A GARDEN
Dash,Haste,Pace,Swift,WORDS RELATED TO SPEED
Brush,Mirror,Soap,Towel,THINGS YOU FIND IN A BATHROOM
IQ,Iraq,Qatar,Squawk,CONTAIN THE LETTER 'Q'
Ice,Snow,Winter,Wind,THINGS THAT ARE COLD
Dread,Fright,Panic,Terror,WORDS RELATED TO FEAR
Axe,Knife,Scissors,Shears,THINGS YOU USE TO CUT
Baker,Driver,Farmer,Teacher,END IN 'ER'
Candy,Honey,Sugar,Syrup,THINGS THAT ARE SWEET
Flight,Journey,Trip,Voyage,WORDS RELATED TO TRAVEL
Book,Card,Shelf,Stack,THINGS YOU FIND IN A LIBRARY
Blue,Gold,Gray,Red,START WITH A COLOR
Bag,Cup,Door,Umbrella,THINGS WITH A HANDLE
Big,Huge,Little,Tiny,WORDS RELATED TO SIZE
Deer,Leaf,Moss,Tree,THINGS YOU FIND IN A FOREST
Baking,Drawing,Singing,Writing,END IN 'ING'
Cloud,Cotton,Feather,Velvet,THINGS THAT ARE SOFT
Gaze,Glance,Look,Stare,WORDS RELATED TO SEEING
Car,Gas,Oil,Tire,THINGS YOU FIND IN A GARAGE
Uncle,Under,Union,Until,START WITH 'UN'
Chrome,Diamond,Gold,Mirror,THINGS THAT ARE SHINY
Aroma,Odor,Scent,Stink,WORDS RELATED TO SMELLING
Cow,Hay,Pig,Tractor,THINGS YOU FIND ON A FARM
Badly,Early,Highly,Truly,END IN 'LY'
Glue,Honey,Sap,Tape,THINGS THAT ARE STICKY
Bitter,Salty,Sour,Sweet,WORDS RELATED TO TASTING
Sand,Shell,Sun,Wave,THINGS YOU FIND AT A BEACH
Overall,Overdo,Overt,Overture,START WITH 'OVER'
Dew,Rain,River,Tears,THINGS THAT ARE WET
Feel,Grasp,Hold,Press,WORDS RELATED TO TOUCHING
Cactus,Dune,Oasis,Sand,THINGS YOU FIND IN A DESERT
Careful,Fearful,Helpful,Wonderful,END IN 'FUL'
CHAIR,FENCE,TABLE,TOOTHPASTE,THINGS YOU FIND IN A HOUSE
LISTEN,NOISE,SOUND,VOICE,WORDS RELATED TO HEARING
CLIFF,PEAK,ROCK,VALLEY,THINGS YOU FIND IN A MOUNTAIN RANGE
REACT,REDO,REFER,RETURN,START WITH 'Re'
